"","Thresholds","Specificity","Sensitivity","Precision","Chosen"
"1",0.01,0.0115273775216138,1,0.295687885010267,FALSE
"2",0.02,0.0288184438040346,1,0.299376299376299,FALSE
"3",0.03,0.0576368876080692,1,0.305732484076433,FALSE
"4",0.04,0.115273775216138,1,0.319290465631929,FALSE
"5",0.05,0.195965417867435,1,0.340425531914894,FALSE
"6",0.06,0.265129682997118,1,0.360902255639098,FALSE
"7",0.07,0.334293948126801,1,0.384,FALSE
"8",0.08,0.368876080691643,1,0.396694214876033,FALSE
"9",0.09,0.440922190201729,0.993055555555556,0.42433234421365,FALSE
"10",0.1,0.507204610951009,0.993055555555556,0.455414012738854,FALSE
"11",0.11,0.550432276657061,0.993055555555556,0.478260869565217,FALSE
"12",0.12,0.582132564841499,0.993055555555556,0.496527777777778,FALSE
"13",0.13,0.61671469740634,0.993055555555556,0.518115942028985,FALSE
"14",0.14,0.642651296829971,0.993055555555556,0.535580524344569,FALSE
"15",0.15,0.674351585014409,0.993055555555556,0.55859375,FALSE
"16",0.16,0.69164265129683,0.993055555555556,0.572,FALSE
"17",0.17,0.708933717579251,0.993055555555556,0.586065573770492,FALSE
"18",0.18,0.729106628242075,0.993055555555556,0.60337552742616,FALSE
"19",0.19,0.746397694524496,0.993055555555556,0.619047619047619,FALSE
"20",0.2,0.757925072046109,0.986111111111111,0.628318584070796,FALSE
"21",0.21,0.760806916426513,0.979166666666667,0.629464285714286,FALSE
"22",0.22,0.77521613832853,0.965277777777778,0.640552995391705,FALSE
"23",0.23,0.789625360230548,0.951388888888889,0.652380952380952,FALSE
"24",0.24,0.806916426512968,0.951388888888889,0.67156862745098,FALSE
"25",0.25,0.824207492795389,0.951388888888889,0.691919191919192,TRUE
"26",0.26,0.84149855907781,0.944444444444444,0.712041884816754,FALSE
"27",0.27,0.847262247838617,0.944444444444444,0.71957671957672,FALSE
"28",0.28,0.85014409221902,0.9375,0.72192513368984,FALSE
"29",0.29,0.858789625360231,0.9375,0.733695652173913,FALSE
"30",0.3,0.878962536023055,0.923611111111111,0.76,FALSE
"31",0.31,0.878962536023055,0.923611111111111,0.76,FALSE
"32",0.32,0.887608069164265,0.923611111111111,0.773255813953488,FALSE
"33",0.33,0.890489913544669,0.916666666666667,0.776470588235294,FALSE
"34",0.34,0.896253602305475,0.916666666666667,0.785714285714286,FALSE
"35",0.35,0.904899135446686,0.916666666666667,0.8,FALSE
"36",0.36,0.907780979827089,0.916666666666667,0.804878048780488,FALSE
"37",0.37,0.907780979827089,0.895833333333333,0.801242236024845,FALSE
"38",0.38,0.913544668587896,0.895833333333333,0.811320754716981,FALSE
"39",0.39,0.913544668587896,0.881944444444444,0.808917197452229,FALSE
"40",0.4,0.913544668587896,0.875,0.807692307692308,FALSE
"41",0.41,0.92507204610951,0.847222222222222,0.824324324324324,FALSE
"42",0.42,0.927953890489914,0.833333333333333,0.827586206896552,FALSE
"43",0.43,0.930835734870317,0.833333333333333,0.833333333333333,FALSE
"44",0.44,0.936599423631124,0.819444444444444,0.842857142857143,FALSE
"45",0.45,0.945244956772334,0.798611111111111,0.858208955223881,FALSE
"46",0.46,0.945244956772334,0.777777777777778,0.854961832061069,FALSE
"47",0.47,0.945244956772334,0.777777777777778,0.854961832061069,FALSE
"48",0.48,0.948126801152738,0.763888888888889,0.859375,FALSE
"49",0.49,0.953890489913545,0.75,0.870967741935484,FALSE
"50",0.5,0.956772334293948,0.743055555555556,0.877049180327869,FALSE
"51",0.51,0.959654178674352,0.743055555555556,0.884297520661157,FALSE
"52",0.52,0.959654178674352,0.729166666666667,0.882352941176471,FALSE
"53",0.53,0.962536023054755,0.722222222222222,0.888888888888889,FALSE
"54",0.54,0.962536023054755,0.722222222222222,0.888888888888889,FALSE
"55",0.55,0.965417867435158,0.680555555555556,0.890909090909091,FALSE
"56",0.56,0.965417867435158,0.673611111111111,0.889908256880734,FALSE
"57",0.57,0.965417867435158,0.666666666666667,0.888888888888889,FALSE
"58",0.58,0.968299711815562,0.659722222222222,0.89622641509434,FALSE
"59",0.59,0.968299711815562,0.638888888888889,0.893203883495146,FALSE
"60",0.6,0.968299711815562,0.625,0.891089108910891,FALSE
"61",0.61,0.968299711815562,0.604166666666667,0.887755102040816,FALSE
"62",0.62,0.968299711815562,0.597222222222222,0.88659793814433,FALSE
"63",0.63,0.971181556195965,0.576388888888889,0.89247311827957,FALSE
"64",0.64,0.976945244956772,0.548611111111111,0.908045977011494,FALSE
"65",0.65,0.979827089337176,0.541666666666667,0.917647058823529,FALSE
"66",0.66,0.979827089337176,0.527777777777778,0.91566265060241,FALSE
"67",0.67,0.979827089337176,0.520833333333333,0.914634146341463,FALSE
"68",0.68,0.979827089337176,0.493055555555556,0.91025641025641,FALSE
"69",0.69,0.979827089337176,0.451388888888889,0.902777777777778,FALSE
"70",0.7,0.982708933717579,0.444444444444444,0.914285714285714,FALSE
"71",0.71,0.982708933717579,0.4375,0.91304347826087,FALSE
"72",0.72,0.982708933717579,0.4375,0.91304347826087,FALSE
"73",0.73,0.982708933717579,0.416666666666667,0.909090909090909,FALSE
"74",0.74,0.982708933717579,0.395833333333333,0.904761904761905,FALSE
"75",0.75,0.982708933717579,0.347222222222222,0.892857142857143,FALSE
"76",0.76,0.988472622478386,0.340277777777778,0.924528301886792,FALSE
"77",0.77,0.988472622478386,0.319444444444444,0.92,FALSE
"78",0.78,0.988472622478386,0.3125,0.918367346938776,FALSE
"79",0.79,0.988472622478386,0.3125,0.918367346938776,FALSE
"80",0.8,0.988472622478386,0.291666666666667,0.91304347826087,FALSE
"81",0.81,0.988472622478386,0.284722222222222,0.911111111111111,FALSE
"82",0.82,0.988472622478386,0.263888888888889,0.904761904761905,FALSE
"83",0.83,0.994236311239193,0.256944444444444,0.948717948717949,FALSE
"84",0.84,0.994236311239193,0.236111111111111,0.944444444444444,FALSE
"85",0.85,0.994236311239193,0.215277777777778,0.939393939393939,FALSE
"86",0.86,1,0.208333333333333,1,FALSE
"87",0.87,1,0.1875,1,FALSE
"88",0.88,1,0.180555555555556,1,FALSE
"89",0.89,1,0.173611111111111,1,FALSE
"90",0.9,1,0.145833333333333,1,FALSE
"91",0.91,1,0.138888888888889,1,FALSE
"92",0.92,1,0.0972222222222222,1,FALSE
"93",0.93,1,0.0763888888888889,1,FALSE
"94",0.94,1,0.0486111111111111,1,FALSE
"95",0.95,1,0.0416666666666667,1,FALSE
"96",0.96,1,0.0208333333333333,1,FALSE
"97",0.97,1,0.0208333333333333,1,FALSE
"98",0.98,1,0,NA,FALSE
"99",0.99,1,0,NA,FALSE
"100",1,1,0,NA,FALSE
Confusion Matrix and Statistics

          Reference
Prediction TRUE FALSE
     TRUE   137    61
     FALSE    7   286
                                          
               Accuracy : 0.8615          
                 95% CI : (0.8278, 0.8908)
    No Information Rate : 0.7067          
    P-Value [Acc > NIR] : 5.026e-16       
                                          
                  Kappa : 0.6989          
                                          
 Mcnemar's Test P-Value : 1.300e-10       
                                          
            Sensitivity : 0.9514          
            Specificity : 0.8242          
         Pos Pred Value : 0.6919          
         Neg Pred Value : 0.9761          
             Prevalence : 0.2933          
         Detection Rate : 0.2790          
   Detection Prevalence : 0.4033          
      Balanced Accuracy : 0.8878          
                                          
       'Positive' Class : TRUE            
                                          
